<?xml version='1.0' encoding='utf-8' standalone='yes' ?>
<map>
    <string name="settings_app_white_list_recently">[&quot;io.tutorial.eng&quot;]</string>
    <boolean name="eula_accepted" value="true" />
    <boolean name="eula_accepted_v1" value="true" />
    <string name="upgrade_config_cache">{&quot;discount&quot;:false,&quot;en_notes&quot;:&quot; • Important: The 3.2 version is about to expire, please upgrade to v3.3+ ASAP.\n • New features: search, sort and multi selection.\n • New features: batch save, zip save and batch add black/white list.\n • Refactor filter and record save.\n • Redesign icons in list and title texts.\n • Fixed the long loading issue.\n • Fixed the issue where the sub menu icon is invisible.\n • Fixed certificate installation issue.\n • Minor bugfixes and other improvements.\n&quot;,&quot;latest&quot;:&quot;3.3.3&quot;,&quot;md5&quot;:&quot;a3021995c5989b77eadd2ab1b2ae8c3e&quot;,&quot;min&quot;:&quot;3.2.1&quot;,&quot;url&quot;:&quot;https://httpcanary.com/app/httpcanary_premium_v3.3.3.apk&quot;,&quot;zh_notes&quot;:&quot; • 重要：3.2.x版本即将过期，请尽快升级至3.3.x以上版本。\n • 新增全局搜索、排序、多选等功能。\n • 新增批量保存、压缩保存、批量添加黑白名单等功能。\n • 重构和优化过滤、保存功能。\n • 重新设计列表非应用类Icon、标题栏内容等样式。\n • 修复启动加载时间过长的bug。\n • 修复标题栏子菜单图标不显示的bug。\n • 修复安装证书横竖屏切换等场景出现无限循环安装证书的bug。\n • 其它细节问题修复和优化。\n&quot;}</string>
    <boolean name="upgrade" value="false" />
    <string name="injection_legal_authorizations">[&quot;panel.disruptor.ir&quot;,&quot;45.76.159.183&quot;]</string>
    <string name="settings_app_white_list">[&quot;io.tutorial.eng&quot;]</string>
    <boolean name="icon_content_types_upgraded" value="true" />
    <boolean name="welcome" value="false" />
    <boolean name="free_expired" value="true" />
</map>
