<?xml version='1.0' encoding='utf-8' standalone='yes' ?>
<map>
    <long name="a_start_time" value="1608563848221" />
    <int name="gkvc" value="0" />
    <string name="pre_session_id">175DEF731C322F895925804515B3D146</string>
    <int name="last_request_spent_ms" value="3" />
    <string name="signature">5bb38de66d8b9210cf5fbd98c6f7fc8aaa429099dc9f2aed2108206ec5bfe05f</string>
    <string name="pre_date">2020-12-21</string>
    <long name="session_start_time" value="1608563838229" />
    <long name="last_instant_build_time" value="1608563838326" />
    <string name="session_id">690B1427D1721BE8EE50F06938B217B8</string>
    <long name="last_request_time" value="1608563842582" />
    <long name="ana_is_f" value="0" />
    <long name="thtstart" value="1608561499077" />
    <int name="successful_request" value="8" />
    <long name="session_end_time" value="1608563849607" />
    <int name="failed_requests " value="25" />
    <int name="serial" value="9" />
    <string name="cur_version">3.3.6</string>
    <string name="pre_version">0</string>
    <int name="versioncode" value="58" />
    <int name="ekvc" value="13" />
    <long name="a_end_time" value="1608563849607" />
    <string name="versionname">3.3.6</string>
    <long name="last_successful_build_time" value="1608563838375" />
    <long name="last_req" value="1608563842582" />
</map>
